time,entries_daily,mean_windspeed_daily,DJU heat,mean_cloudiness_daily
1546344000,0,2.422916667,17.015,1
1546430400,24,3.392916667,18.38,0.750625
1546516800,70,3.4375,22.04,0.184791667
1546603200,36,2.803541667,22.995,0.449791667
1546689600,39,1.670625,24.78,0.797708333
1546776000,89,1.820625,20.725,1
1546862400,806,1.932083333,18.235,1
1546948800,442,3.276666667,15.415,0.907291667
1547035200,552,2.994791667,19.675,0.882291667
1547121600,524,2.259166667,21.515,0.770625
1547208000,636,1.640833333,19.515,0.940625
1547294400,618,2.594166667,18.125,0.96375
1547380800,128,4.749791667,14.445,0.967083333
1547467200,778,2.759583333,15.7,0.996666667
1547553600,458,1.02375,17.875,0.848125
1547640000,446,2.656458333,21.53,0.874583333
1547726400,490,3.191666667,18.33,0.40375
1547812800,678,3.635833333,20.98,0.846875
1547899200,581,3.112916667,17.36,0.809166667
1547985600,0,2.166041667,19.64,0.908333333
1548072000,796,2.097083333,22.7,0.588958333
1548158400,446,3.761041667,20.735,0.885416667
1548244800,464,3.056458333,19.8,0.876875
1548331200,578,1.704583333,21.195,0.99125
1548417600,852,1.8725,16.67,0.991666667
1548504000,504,4.794375,15.71,0.943125
1548590400,164,6.34,17.59,0.800625
1548676800,839,2.188125,19.03,0.9125
1548763200,453,5.521458333,19.59,0.878125
1548849600,500,3.388958333,20.83,0.570625
1548936000,560,4.559583333,19.895,0.916041667
1549022400,680,3.295833333,19.815,0.826041667
1549108800,213,4.309375,19.905,0.662708333
1549195200,96,2.149166667,21.74,0.217083333
1549281600,317,5.449166667,21.68,0.932708333
1549368000,253,2.030416667,18.375,1
1549454400,293,4.444583333,15.465,0.985
1549540800,311,4.697291667,16.925,0.736666667
1549627200,314,7.603958333,15.43,0.885208333
1549713600,0,6.52125,15.31,0.873125
1549800000,0,7.874166667,16.395,0.745208333
1549886400,0,2.833125,17.29,0.630208333
1549972800,0,1.685833333,19.28,0.381875
1550059200,0,3.009583333,18.94,0.454375
1550145600,0,2.961666667,17.87,0.155833333
1550232000,0,2.097291667,15.705,0.225416667
1550318400,0,1.794166667,16.005,0.728541667
1550404800,0,3.721666667,14.5,0.744166667
1550491200,0,1.734166667,18.91,0.826875
1550577600,0,1.418958333,16.815,0.85125
1550664000,0,2.086875,18.015,0.922083333
1550750400,0,2.015833333,17.2,0.769583333
1550836800,0,2.872916667,14.655,0.441041667
1550923200,0,2.703541667,12.885,0.282083333
1551009600,0,2.890208333,14.83,0.519375
1551096000,337,2.400416667,16.32,0.020416667
1551182400,259,1.823958333,14.22,0.007916667
1551268800,310,2.467708333,11.44,0.098541667
1551355200,297,5.507708333,13.805,0.854375
1551441600,346,3.515208333,15.765,0.895416667
1551528000,210,5.713333333,13.39,0.889583333
1551614400,97,8.228541667,12.065,0.941458333
1551700800,385,8.440416667,16.105,0.786458333
1551787200,318,5.538125,15.245,0.81125
1551873600,274,5.79125,14.745,0.883541667
1551960000,288,5.088333333,15.93,0.773333333
1552046400,318,4.585833333,18.18,0.646875
1552132800,211,5.636458333,13.45,0.997083333
1552219200,96,7.475833333,13.265,0.685416667
1552305600,361,3.754166667,16.585,0.457916667
1552392000,222,5.821875,17.435,0.845625
1552478400,310,5.64375,16.35,0.713125
1552564800,297,8.114375,15.295,0.95875
1552651200,318,6.215208333,13.425,0.995416667
1552737600,211,6.44875,13.965,0.995833333
1552824000,96,5.541666667,16.395,0.627083333
1552910400,361,3.200833333,17.265,0.571875
1552996800,222,1.14125,17.955,0.875833333
1553083200,310,1.329375,17.175,0.74625
1553169600,297,2.822291667,15.37,0.348958333
1553256000,318,1.916875,13.57,0.057708333
1553342400,211,2.890208333,14.815,0.252708333
1553428800,96,3.322083333,15.81,0.350625
1553515200,479,3.880208333,16.94,0.329375
1553601600,309,3.23,17.455,0.019791667
1553688000,360,3.614166667,17.59,0.056875
1553774400,365,3.865625,16.69,0.113125
1553860800,385,3.041458333,13.57,0.129583333
1553947200,248,2.750416667,12.24,0.03125
1554033600,96,2.037291667,12.505,0.364583333
1554120000,426,2.8675,11.075,0.418125
1554206400,344,4.95125,14.41,0.792291667
1554292800,326,2.666041667,19.405,0.677916667
1554379200,380,5.041875,20.47,0.617708333
1554465600,372,4.035,16.44,0.965625
1554552000,233,3.37125,17.345,0.96
1554638400,65,4.371875,14.36,0.684166667
1554724800,135,3.189166667,15.7,0.746875
1554811200,267,1.59625,14.78,0.512916667
1554897600,178,3.008333333,16.66,0.78125
1554984000,187,3.385,14.94,0.291666667
1555070400,117,2.418125,16.785,0.013958333
1555156800,112,4.02375,17.08,0.302083333
1555243200,59,4.496666667,16.51,0.874791667
1555329600,73,5.002708333,14.49,0.854166667
1555416000,118,3.530625,11.98,0.660208333
1555502400,110,5.128125,11.33,0.957291667
1555588800,123,3.695,7.59,0.981041667
1555675200,101,1.854166667,6.41501004,0.66125
1555761600,73,3.45375,7.715,0.059375
1555848000,40,2.333125,9,0.314791667
1555934400,0,3.652708333,9.56,0.797916667
1556020800,323,3.309791667,10.475,0.718958333
1556107200,428,4.853125,12.905,0.825416667
1556193600,393,5.156875,14.205,0.767916667
1556280000,351,5.000416667,13.965,0.815
1556366400,319,5.759166667,13.89,0.647916667
1556452800,128,3.053958333,15.86,0.910416667
1556539200,448,2.460625,14.315,0.557291667
1556625600,349,2.372708333,12.965,0.605833333
1556712000,0,2.133541667,11.65,0.946875
1556798400,266,2.899791667,13.69,0.801041667
1556884800,104,2.217291667,14.79,0.856666667
1556971200,221,3.989375,14.725,0.707708333
1557057600,80,2.972708333,17.69,0.210416667
1557144000,407,1.979791667,16.16,0.501666667
1557230400,286,3.095833333,13.8,0.89375
1557316800,0,7.762916667,11.505,0.83375
1557403200,352,5.542916667,11.885,0.85
1557489600,384,4.283541667,13.56,0.95625
1557576000,271,3.4525,12.04,0.651666667
1557662400,103,3.668958333,13.8,0.195208333
1557748800,516,5.512291667,12.065,0.305625
1557835200,311,6.803333333,10.405,0.150208333
1557921600,326,5.620416667,10.625,0.487291667
1558008000,366,3.890416667,10.695,0.969791667
1558094400,394,3.305,10.465,0.92625
1558180800,267,2.391458333,11.435,0.78
1558267200,75,2.521458333,11.91,0.815833333
1558353600,437,2.04875,12.475,0.550416667
1558440000,339,2.169583333,9.865,0.505625
1558526400,345,2.04375,8.86,0.533125
1558612800,363,1.898125,7.755,0.848125
1558699200,387,3.017291667,9.055,0.516458333
1558785600,231,2.821666667,9.01,0.602708333
1558872000,90,2.588333333,10.835,0.972916667
1558958400,434,3.046875,7.975,0.784166667
1559044800,273,3.420625,11.765,0.684791667
1559131200,330,3.266041667,13.72,0.645833333
1559217600,0,2.826458333,8.715,0.63875
1559304000,430,1.378333333,7.837805332,0.271041667
1559390400,199,2.020833333,4.923382213,0.151875
1559476800,53,3.194375,7.56,0.654791667
1559563200,436,2.788125,7.44,0.7575
1559649600,349,3.752916667,9.6,0.883333333
1559736000,329,2.521875,10.905,0.661458333
1559822400,262,3.351041667,11.895,0.66625
1559908800,389,8.116666667,12.045,0.834583333
1559995200,240,4.117291667,10.54,0.815208333
1560081600,88,2.355208333,10.29,0.947916667
1560168000,0,3.303541667,11.875,0.62375
1560254400,360,1.521458333,15.735,0.73
1560340800,332,3.044791667,11.84,0.802708333
1560427200,324,4.04625,10.7,0.635625
1560513600,386,2.771041667,11.27,0.295833333
1560600000,241,4.645208333,11.525,0.749583333
1560686400,69,3.545208333,8.27,0.556458333
1560772800,443,2.136458333,7.345091498,0.442708333
1560859200,369,3.162708333,2.27298601,0.770416667
1560945600,343,4.730625,7.21,0.907916667
1561032000,373,2.914791667,7.875,0.708541667
1561118400,431,2.475416667,7.815,0.544791667
1561204800,233,3.357916667,6.149272894,0.486041667
1561291200,52,3.768333333,2.970157692,0.92875
1561377600,432,2.969166667,6.7,0.84
1561464000,546,2.460833333,3.64922021,0.790833333
1561550400,454,4.929166667,1.481755,0.268958333
1561636800,383,4.992291667,0.151602727,0.214375
1561723200,440,3.49875,0.046202977,0.396458333
1561809600,213,2.819791667,2.360475904,0.592083333
1561896000,66,2.770416667,3.591793299,0.3725
1561982400,239,3.991458333,5.22,0.494583333
1562068800,82,3.600625,5.495250297,0.051458333
1562155200,128,5.469166667,3.492173802,0.050833333
1562241600,134,5.204375,2.895577016,0.437708333
1562328000,238,2.798333333,1.853871456,0.249583333
1562414400,188,2.273541667,2.809372565,0.169166667
1562500800,96,2.901875,3.01594791,0.38875
1562587200,134,4.50875,3.287755092,0.273958333
1562673600,152,5.027708333,4.037344937,0.000625
1562760000,207,2.55625,3.211578089,0.371458333
1562846400,169,3.589166667,3.159439002,0.757083333
1562932800,165,2.683125,3.148568402,0.680625
1563019200,140,3.308333333,4.648016427,0.20375
1563105600,0,4.2125,3.596930491,0.065
1563192000,140,3.276875,4.754748228,0.02625
1563278400,283,2.547916667,3.621758693,0.378541667
1563364800,216,2.888125,4.354464706,0.496458333
1563451200,180,3.661041667,7.725,0.717708333
1563537600,173,3.180625,6.066945161,0.323333333
1563624000,162,4.316666667,4.665,0.739583333
1563710400,56,2.412291667,5.438227236,0.433125
1563796800,97,1.78375,3.644521527,0.15875
1563883200,120,3.884791667,1.583505,0.219791667
1563969600,101,2.383541667,1.548223244,0.286041667
1564056000,175,4.1175,0.966734753,0.381458333
1564142400,76,2.28625,5.715,0.943125
1564228800,133,3.038958333,5.13,0.740833333
1564315200,46,3.509166667,7.56,0.367708333
1564401600,102,5.040625,7.065,0.469375
1564488000,84,6.005416667,6.52,0.732083333
1564574400,115,3.201666667,8.005,0.702083333
1564660800,109,1.903958333,5.314554974,0.766458333
1564747200,96,2.357708333,4.87673272,0.170208333
1564833600,141,2.594375,3.858411395,0.61875
1564920000,44,3.186458333,5.240829543,0.578333333
1565006400,88,3.647083333,5.82,0.927708333
1565092800,90,2.112708333,5.885,0.925625
1565179200,94,2.419375,5.255,0.736875
1565265600,103,2.919375,4.333168261,0.795416667
1565352000,83,6.333958333,4.785,0.876458333
1565438400,129,5.774375,4.495,0.720416667
1565524800,39,3.472083333,6.195,0.628541667
1565611200,85,3.496458333,7.695,0.634791667
1565697600,101,3.170625,9.71,0.639791667
1565784000,46,4.245,8.59,0.887708333
1565870400,0,3.328333333,6.105,0.767083333
1565956800,38,3.894166667,8.08,0.80625
1566043200,135,4.555833333,6.43,0.94625
1566129600,60,5.460625,5.685,0.615833333
1566216000,94,2.749583333,8.485,0.393333333
1566302400,123,1.984583333,8.115,0.340208333
1566388800,138,2.389583333,5.581772896,0.286875
1566475200,134,2.079375,5.601418102,0.067083333
1566561600,0,3.447708333,3.286387899,0.406458333
1566648000,146,2.341041667,2.144933942,0.605625
1566734400,57,2.099791667,4.561337037,0.350208333
1566820800,143,2.869166667,2.310487589,0.723541667
1566907200,143,2.99,2.805799047,0.694166667
1566993600,156,3.47375,4.72,0.901458333
1567080000,126,1.956875,5.318640898,0.595208333
1567166400,117,1.822708333,5.341330312,0.423333333
1567252800,165,4.008333333,6.365,0.518958333
1567339200,84,2.718125,6.87,0.573125
1567425600,0,2.495416667,9.19,0.079166667
1567512000,0,2.133125,7.235,0.163333333
1567598400,0,2.242291667,8.655,0.555625
1567684800,0,3.281041667,9.885,0.550833333
1567771200,0,2.678958333,10.915,0.477291667
1567857600,0,3.13875,7.505,0.480208333
1567944000,0,2.114375,10.545,0.456458333
1568030400,0,2.846875,12.595,0.696666667
1568116800,0,2.997291667,8.305,0.508958333
1568203200,0,2.837708333,8.12,0.803541667
1568289600,0,2.108333333,5.775,0.745833333
1568376000,0,3.27375,5.997178416,0.233958333
1568462400,0,3.689583333,3.183004862,0.397916667
1568548800,0,2.859166667,4.188429924,0.026875
1568635200,268,3.140208333,4.562456459,0.147291667
1568721600,222,4.226458333,5.275,0.553333333
1568808000,135,6.36375,6.72,0.001875
1568894400,222,6.785625,8.115,0
1568980800,186,5.653541667,6.378943417,0.015833333
1569067200,198,4.542916667,2.822885431,0.414791667
1569153600,80,5.345416667,6.24,0.70625
1569240000,212,4.155625,10.255,0.761458333
1569326400,208,6.1525,6.63,0.852291667
1569412800,157,4.273125,8.715,0.885208333
1569499200,211,5.4875,7.695,0.993125
1569585600,161,4.745,8.45,0.782916667
1569672000,272,4.115416667,8.755,0.77625
1569758400,73,6.147708333,8.075,0.870416667
1569844800,225,3.601458333,10.445,0.922708333
1569931200,335,5.979375,7.605,0.883541667
1570017600,271,2.728333333,9.855,0.84875
1570104000,304,3.727708333,11.125,0.849791667
1570190400,290,5.2375,10.29,0.808333333
1570276800,284,3.176875,9.61,0.589583333
1570363200,85,5.164791667,9.14,0.584375
1570449600,336,3.26375,12.18,0.853333333
1570536000,297,5.283333333,9.6,0.837291667
1570622400,249,4.539375,11.335,0.782291667
1570708800,273,3.231458333,9.32,0.686666667
1570795200,249,3.836666667,8.665,0.779375
1570881600,302,3.315625,7.35,0.591458333
1570968000,76,2.606875,8.61,0.848333333
1571054400,323,3.58,8.685,0.852708333
1571140800,338,4.010208333,11.515,0.729375
1571227200,212,6.623125,10.18,0.92
1571313600,281,4.007083333,11.23,0.838333333
1571400000,274,4.578333333,11.33,0.7525
1571486400,277,1.988125,12.16,0.875208333
1571572800,73,1.960416667,12.725,0.881666667
1571659200,118,0.966666667,15.075,0.410833333
1571745600,192,2.580833333,14.92,0.697083333
1571832000,126,3.501041667,11.39,0.903958333
1571918400,216,2.474166667,11.725,0.836875
1572004800,126,3.949583333,10.355,0.898333333
1572091200,44,4.100833333,8.95,0.877083333
1572177600,74,3.885,13.48,0.989583333
1572264000,64,4.399166667,15.045,0.994583333
1572350400,75,4.0075,13.55,1
1572436800,47,3.130833333,10.975,0.980833333
1572523200,46,3.722708333,9.8,0.971041667
1572609600,0,5.526666667,9.81,0.975625
1572696000,41,5.666666667,13.06,0.885625
1572782400,78,5.388958333,13.135,0.782708333
1572868800,337,5.512083333,13.67,0.728125
1572955200,285,3.846041667,15.28,0.810625
1573041600,244,3.38625,14.42,0.798333333
1573128000,276,3.781041667,18.285,0.657708333
1573214400,297,2.829166667,17.32,0.645208333
1573300800,271,3.908333333,19.665,0.69125
1573387200,74,2.924166667,17.785,0.505416667
1573473600,0,3.72375,16.72,0.665625
1573560000,283,2.929791667,17.2,0.625625
1573646400,291,2.974583333,19.015,0.723541667
1573732800,288,1.747083333,18.78,0.424375
1573819200,299,3.065208333,20.48,0.680833333
1573905600,259,2.385208333,17.885,0.798333333
1573992000,85,1.326458333,21.11,0.985416667
1574078400,334,1.275,18.63,0.655416667
1574164800,303,2.174791667,19.78,0.910833333
1574251200,264,3.543333333,20.535,0.922291667
1574337600,294,3.99,17.885,0.816666667
1574424000,278,6.343333333,16.985,0.902291667
1574510400,197,2.734166667,15.895,0.695
1574596800,86,2.701458333,17.25,0.860833333
1574683200,285,3.905833333,13.215,0.92375
1574769600,266,5.175,12.225,0.934375
1574856000,202,6.658958333,13.185,0.8475
1574942400,264,4.286666667,13.69,0.77125
1575028800,310,2.076875,15.105,0.466875
1575115200,228,3.43875,18.02,0.98625
1575201600,76,3.249166667,18.83,0.860625
1575288000,325,3.633333333,20.305,0.084791667
1575374400,270,3.255416667,21.91,0.21625
1575460800,244,2.465625,22.585,0.175208333
1575547200,0,1.514583333,23.65,0.243125
1575633600,274,5.339791667,19.03,0.9875
1575720000,237,3.188958333,13.9,0.809166667
1575806400,82,7.683333333,14.1,0.911458333
1575892800,314,7.479166667,14.95,0.453125
1575979200,247,5.862083333,17.41,0.928333333
1576065600,229,5.532083333,17.245,0.619791667
1576152000,223,6.854583333,16.745,0.882291667
1576238400,306,10.14479167,14.655,0.748125
1576324800,244,6.8075,14.55,0.766041667
1576411200,83,5.207708333,15.52,0.984166667
1576497600,284,3.1225,15.795,0.992916667
1576584000,219,3.169791667,16.085,0.969791667
1576670400,218,5.941041667,15.925,0.708125
1576756800,227,8.600833333,12.575,0.969583333
1576843200,276,6.015833333,14.535,0.764583333
1576929600,139,8.005833333,14.695,0.742708333
1577016000,64,9.160833333,15.41,0.643958333
1577102400,50,5.63125,14.33,0.909583333
1577188800,30,6.282083333,14.32,0.680208333
1577275200,0,2.812708333,16.075,0.601875
1577361600,49,5.649166667,15.755,0.712083333
1577448000,26,2.892083333,13.945,0.878541667
1577534400,51,3.249583333,17.28,0.829166667
1577620800,46,2.870833333,20.71,0.810833333
1577707200,70,1.454375,21.42,0.327708333
1577793600,78,3.178125,20.135,0.426041667
1577880000,0,2.994791667,15.87,0.87625
1577966400,126,4.066041667,15.3,0.971458333
1578052800,116,5.216041667,14.66,0.532916667
1578139200,47,1.396666667,18.81,0.399166667
1578225600,77,1.64,20.005,0.078541667
1578312000,331,3.195,20.325,0.393541667
1578398400,210,3.70625,14.595,0.994166667
1578484800,211,4.892291667,13.385,1
1578571200,207,8.025208333,14.145,0.849166667
1578657600,340,3.521666667,17.175,0.666041667
1578744000,335,3.880625,18.345,0.876875
1578830400,82,4.418958333,15.19,0.855416667
1578916800,327,7.189375,15.075,0.961458333
1579003200,243,9.61625,13.855,0.922291667
1579089600,195,6.087916667,15.265,0.679166667
1579176000,287,6.660208333,14.825,0.724166667
1579262400,268,5.360208333,17.22,0.635625
1579348800,288,3.579583333,18.275,0.647083333
1579435200,157,5.472916667,20.035,0.103958333
1579521600,213,6.026666667,20.32,0.082708333
1579608000,254,4.921458333,22.03,0.136458333
1579694400,215,5.52,22,0.039791667
1579780800,232,5.130833333,22.065,0.72875
1579867200,278,2.381875,19,0.331666667
1579953600,279,3.398958333,17.155,0.610833333
1580040000,79,5.398958333,16.06,0.821041667
1580126400,332,8.508125,15.4,0.991666667
1580212800,261,8.630208333,17.19,0.879166667
1580299200,268,3.816666667,15.45,0.94625
1580385600,235,7.151041667,14.83,0.991875
1580472000,295,5.7225,12.885,0.94875
1580558400,260,6.991041667,12.945,0.836875
1580644800,93,8.5175,12.145,1
1580731200,294,7.585625,11.51,0.986875
1580817600,222,4.861458333,16.595,0.212708333
1580904000,247,2.769375,18.15,0.121666667
1580990400,211,5.533333333,19.225,0.022083333
1581076800,331,4.058333333,17.315,0.556875
1581163200,264,3.795625,15.685,0.762083333
1581249600,159,11.50729167,14.915,0.968541667
1581336000,332,10.80875,15.325,0.968541667
1581422400,234,5.725416667,16.89,0.873958333
1581508800,215,3.919583333,16.525,0.725625
1581595200,271,10.061875,15.94,0.908333333
1581681600,271,4.34875,14.675,0.907083333
1581768000,141,7.985,12.815,0.982708333
1581854400,59,10.835625,11.94,0.99875
1581940800,0,6.02125,15.975,0.453541667
1582027200,0,4.868125,16.335,0.575625
1582113600,0,5.273125,15.115,0.942083333
1582200000,0,5.835416667,15.07,0.773125
1582286400,0,2.898958333,18.415,0.724166667
1582372800,0,5.208541667,16.33,0.683541667
1582459200,0,6.283125,14.04,0.995833333
1582545600,0,6.613958333,14.39,0.989166667
1582632000,0,7.072708333,16.485,0.79625
1582718400,0,6.083541667,17.27,0.909166667
1582804800,0,6.719791667,16.075,0.860416667
1582891200,0,6.40375,17.35,0.985625
1582977600,0,9.046875,16.32,0.91625
1583064000,0,6.482083333,17.32,0.911041667
1583150400,330,6.591458333,17.21,0.613125
1583236800,264,2.5725,18.72,0.857291667
1583323200,186,4.736458333,16.415,0.985833333
1583409600,264,8.945416667,15.39,0.79
1583496000,286,4.74625,18.37,0.688958333
1583582400,286,3.732708333,17.345,0.825833333
1583668800,73,7.455416667,15.105,0.550416667
1583755200,281,5.737708333,16.57,0.600625
1583841600,228,7.331875,14.095,1
1583928000,167,6.735416667,11.705,0.668958333
1584014400,291,5.3325,14.79,0.814166667
1584100800,342,2.688333333,17.34,0.493125
1584187200,143,4.468125,15.1,0.878125
1584273600,94,4.315625,14.525,0.758125
1584360000,0,3.927083333,14.975,0.735
1584446400,0,1.977083333,14.64,0.892708333
1584532800,0,1.306666667,14.02,0.301041667
1584619200,0,2.535416667,11.205,0.048958333
1584705600,0,3.80875,11.41,0.466458333
1584792000,0,6.608125,13.53,0.650416667
1584878400,0,5.652708333,16.925,0.5975
1584964800,0,4.50125,13.17,0.148333333
1585051200,0,4.178333333,14.595,0
1585137600,0,4.214375,16.985,0.024791667
1585224000,0,5.081666667,18.225,0.199791667
1585310400,0,3.351041667,17.275,0.727708333
1585396800,0,3.571458333,16.545,0.591875
1585483200,0,9.404583333,17.28,0.696875
1585569600,0,9.097083333,20.33,0.018541667
1585656000,0,8.219166667,17.17,0
1585742400,0,5.212291667,16.655,0
1585828800,0,3.756041667,18.78,0.200416667
1585915200,0,1.551875,15.88,0.297708333
1586001600,0,3.852916667,13.725,0.011041667
1586088000,0,5.433958333,10.915,0.359583333
1586174400,0,2.86125,10.795,0.803333333
1586260800,0,2.732916667,10.89,0.63
1586347200,0,1.672708333,9.03,0.384791667
1586433600,0,2.488125,8.555,0.057291667
1586520000,0,2.840208333,7.476285714,0
1586606400,0,2.187291667,8.52,0
1586692800,0,2.855,8.52,0.16625
1586779200,0,6.062083333,8.455,0.619583333
1586865600,0,7.492291667,13.585,0
1586952000,0,5.41875,10.425,0.136875
1587038400,0,4.583541667,8.475,0.647708333
1587124800,0,3.64,8.7,0.475
1587211200,0,2.0825,10.345,0.356458333
1587297600,0,4.182708333,11.47,0.964791667
1587384000,0,3.524791667,11.545,0.99375
1587470400,0,2.556458333,8.915,0.981666667
1587556800,0,2.089375,8.145,0.659375
1587643200,0,2.708958333,8.69,0.450416667
1587729600,0,1.963125,10,0.311875
1587816000,0,2.683125,9.395,0.292083333
1587902400,0,2.3975,9.285,0.150833333
1587988800,0,2.6275,12.63,0.916875
1588075200,0,6.79625,11.79,0.315416667
1588161600,0,7.22625,13.225,0.926875
1588248000,0,7.94,14.685,0.647916667
1588334400,0,5.8525,11.53,0.944166667
1588420800,0,2.598958333,12.47,0.99625
1588507200,0,3.025833333,9.495,0.89625
1588593600,0,3.988125,8.03,0.825416667
1588680000,0,4.006666667,8.93,0.380416667
1588766400,0,2.250208333,9.995,0.365208333
1588852800,0,3.387083333,8.65,0.9025
1588939200,0,2.954583333,6.79,0.993125
1589025600,0,2.397083333,6.52,0.6075
1589112000,0,2.730833333,7.22,0.942916667
1589198400,0,8.165625,15.645,0.998333333
1589284800,0,6.223125,14.855,0.921666667
1589371200,0,6.461041667,13.71,0.814166667
1589457600,0,7.689375,13.83,0.262083333
1589544000,0,5.575416667,12.325,0
1589630400,0,3.804375,11.94,0.240416667
1589716800,0,2.57125,10.745,0.0475
1589803200,0,2.527916667,8.835,0.316666667
1589889600,0,2.977291667,8.495,0.090833333
1589976000,0,2.370625,6.094743852,0.155416667
1590062400,0,2.591875,4.050697698,0.825833333
1590148800,0,4.978541667,6.895,0.888541667
1590235200,0,5.149583333,9.625,0.515416667
1590321600,0,2.410208333,9.915,0.104791667
1590408000,0,4.787083333,6.815,0
1590494400,0,4.977291667,5.989024204,0.03125
1590580800,0,5.314375,4.51302976,0.089583333
1590667200,0,5.278541667,4.115272966,0
1590753600,0,5.6025,4.434998218,0
1590840000,0,4.83125,5.6882614,0.003333333
1590926400,0,5.938125,5.102971505,0.059583333
1591012800,0,4.803125,5.15695797,0
1591099200,0,3.161458333,4.223526087,0.095625
1591185600,0,3.126041667,5.91,0.505625
1591272000,0,4.870208333,9.8,0.69
1591358400,0,6.521875,8.77,0.954583333
1591444800,0,5,10.205,0.729375
1591531200,0,3.206666667,12.24,0.357083333
1591617600,0,2.887083333,10.6,0.615
1591704000,0,3.28875,10.345,0.679583333
1591790400,0,2.314375,10.885,0.994791667
1591876800,0,4.776458333,11.645,0.944583333
1591963200,0,5.162916667,10.65,0.811458333
1592049600,0,5.982708333,10.495,0.521458333
1592136000,0,5.305833333,9.615,0.593958333
1592222400,0,4.216041667,9.795,0.858958333
1592308800,0,3.276041667,9.975,0.853958333
1592395200,0,2.598541667,10.875,0.755833333
1592481600,0,4.196875,9.73,0.759583333
1592568000,0,3.905,9.05,0.799583333
1592654400,287,3.888541667,8.715,0.595416667
1592740800,94,5.242291667,7.96,0.653125
1592827200,502,2.307916667,6.656497215,0.165833333
1592913600,298,4.092708333,4.156002828,0.500208333
1593000000,165,2.983333333,2.121170248,0.011875
1593086400,165,2.739375,2.160042819,0.285
1593172800,165,4.305625,5.39,0.738958333
1593259200,140,6.923541667,6.865,0.859583333
1593345600,80,4.055625,7.94,0.937708333
1593432000,0,4.446875,9.595,0.463125
1593518400,64,4.878541667,7.685,0.941875
1593604800,75,5.014791667,5.705,0.8
1593691200,64,3.821041667,8.33,0.48
1593777600,63,3.46,8.15,0.488958333
1593864000,28,5.856458333,8.62,0.986041667
1593950400,49,5.474166667,5.615,0.904166667
1594036800,0,3.720833333,8.46,0.454166667
1594123200,122,2.29125,8.18,0.474166667
1594209600,142,2.265625,5.634697188,0.310833333
1594296000,122,3.640833333,4.658535895,0.425
1594382400,137,3.91875,5.31,0.64125
1594468800,37,3.808958333,7.495,0.19875
1594555200,42,4.583958333,6.086980769,0.197708333
1594641600,0,3.202291667,5.864133636,0.129375
1594728000,0,3.200208333,7.105,0.810833333
1594814400,120,3.828958333,7.73,0.884583333
1594900800,116,2.584166667,7.265,0.752708333
1594987200,110,2.571041667,5.580350278,0.445625
1595073600,29,2.275625,4.986506117,0.28875
1595160000,53,3.003125,4.564874,0.10625
1595246400,0,4.68625,4.264655498,0.387083333
1595332800,49,5.73,3.995851397,0.018333333
1595419200,49,3.939166667,4.23045,0.263541667
1595505600,49,2.813125,4.621494566,0.686875
1595592000,51,3.269166667,6.065843692,0.367708333
1595678400,43,5.028541667,5.92,0.814583333
1595764800,56,3.573125,5.47,0.448541667
1595851200,0,5.391875,5.973151153,0.230208333
1595937600,56,3.563541667,6.39,0.46
1596024000,43,2.863541667,5.746190092,0.225208333
1596110400,53,3.973958333,3.011904315,0
1596196800,60,4.412708333,0.912131507,0.2975
1596283200,42,4.150625,2.867468531,0.5875
1596369600,59,3.724375,6.11,0.857291667
1596456000,0,3.360208333,5.32,0.56
1596542400,62,2.403125,7.012458722,0.049791667
1596628800,45,2.679375,5.78468682,0.005416667
1596715200,65,1.831041667,3.283777478,0.00125
1596801600,55,2.972708333,1.04975,0.043125
1596888000,51,2.459791667,1.617694256,0.038541667
1596974400,55,2.923333333,2.162398555,0.174375
1597060800,0,2.869791667,1.473830499,0.596458333
1597147200,85,2.292291667,1.422632165,0.129166667
1597233600,72,2.385833333,1.917481466,0.749583333
1597320000,63,3.237916667,3.68,0.788333333
1597406400,58,4.259375,3.640287961,0.703333333
1597492800,0,2.364583333,4.650163937,0.877708333
1597579200,38,3.287291667,5.915,0.642291667
1597665600,0,3.954583333,5.4,0.504583333
1597752000,145,3.876666667,5.305,0.432291667
1597838400,140,5.024583333,4.51,0.909791667
1597924800,112,3.756666667,3.318734043,0.722291667
1598011200,102,6.673541667,3.675,0.372291667
1598097600,94,5.585833333,5.205,0.67
1598184000,64,3.508541667,6.735,0.345208333
1598270400,125,2.118958333,7.65,0.596458333
1598356800,110,6.329583333,5.74,0.766458333
1598443200,102,4.000208333,4.49,0.887291667
1598529600,106,4.748958333,7.155,0.723541667
1598616000,108,5.759166667,7.47,0.223958333
1598702400,51,4.447916667,10.43,0.411458333
1598788800,67,3.634583333,10.27,0.385625
1598875200,0,1.610833333,8.81,0.322083333
1598961600,35,3.058541667,8.45,0.276458333
1599048000,68,2.645208333,8.31,0.317708333
1599134400,40,2.7425,6.128561056,0.17125
1599220800,45,1.975,5.135536262,0.010833333
1599307200,53,4.123333333,6.325,0.383958333
1599393600,56,2.679791667,10.465,0.342708333
1599480000,0,2.03125,9.015,0.131875
1599566400,0,2.205625,5.824802956,0.461458333
1599652800,0,3.420833333,4.48139703,0.515625
1599739200,0,2.925208333,5.012640518,0.080625
1599825600,0,2.454583333,5.422768589,0.0075
1599912000,0,2.389791667,7.35804336,0
1599998400,0,2.661666667,5.280619355,0.000833333
1600084800,137,3.681458333,2.575262609,0.029583333
1600171200,280,1.960208333,2.960558602,0.87
1600257600,178,3.21625,3.418721588,0.382083333
1600344000,226,6.549166667,2.100406061,0.018958333
1600430400,143,4.976458333,2.78050375,0.714791667
1600516800,228,2.0225,4.16,0.825416667
1600603200,68,1.395,5.34,0.655
1600689600,301,2.277916667,5.11,0.381041667
1600776000,268,3.636666667,6.205,0.210208333
1600862400,253,4.907916667,7.775,0.565833333
1600948800,269,6.357916667,11.215,0.585
1601035200,300,7.405,12.285,0.266875
1601121600,295,4.921041667,12.91,0.378958333
1601208000,94,5.7475,13.435,0.404583333
1601294400,319,3.645,13.22,0.6375
1601380800,256,2.706041667,9.35,0.872916667
1601467200,232,5.335833333,9.03,0.947916667
1601553600,338,6.196458333,11.895,0.789375
1601640000,306,6.711666667,12.86,0.659583333
1601726400,270,7.29625,15.33,0.938125
1601812800,94,5.480833333,12.805,0.726458333
1601899200,327,7.450625,11.285,0.948958333
1601985600,309,7.312291667,10.855,0.987291667
1602072000,267,4.698333333,11.37,0.932916667
1602158400,311,5.42875,9.14,0.964583333
1602244800,300,3.40375,10.93,0.866041667
1602331200,307,3.5175,12.63,0.578958333
1602417600,74,3.886041667,13.27,0.507916667
1602504000,299,3.15125,15.005,0.713541667
1602590400,266,4.385208333,13.91,0.772291667
1602676800,243,3.257291667,15.31,0.468333333
1602763200,333,3.868958333,14.72,0.494791667
1602849600,298,2.17875,16.085,0.595625
1602936000,208,2.300416667,14.735,0.536666667
1603022400,66,2.441666667,14.575,0.592083333
1603108800,141,5.53125,13.33,0.892291667
1603195200,176,8.092291667,8.27,0.993958333
1603281600,159,7.141458333,8.97,0.659375
1603368000,160,1.648541667,9.845,0.371458333
1603454400,226,3.971666667,11.78,0.6175
1603540800,52,9.51,10.83,0.9825
1603627200,73,5.469375,12.865,0.883541667
1603713600,46,4.664375,13.91,0.531041667
1603800000,58,6.08,12.42,0.911041667
1603886400,52,6.589791667,12.345,0.8875
1603972800,74,5.249583333,10.855,0.969166667
1604059200,12,3.985,10.235,0.394166667
1604145600,0,5.584583333,11.97,0.744583333
1604232000,0,9.388125,9.81,0.994791667
1604318400,53,7.006458333,10.61,0.813333333
1604404800,118,3.937708333,14.62,0.340833333
1604491200,29,3.431875,17.545,0.252708333
1604577600,121,6.573125,17.3,0.02375
1604664000,44,5.221041667,13.09,0.408541667
1604750400,0,3.749583333,10.025,0.938541667
1604836800,0,3.200625,9.685,0.68
1604923200,127,4.067083333,9.395,0.510416667
1605009600,113,2.083541667,11.67,0.665
1605096000,0,4.884375,13.18,0.935625
1605182400,138,2.980833333,12.49,0.731041667
1605268800,136,4.735,11.395,0.966875
1605355200,0,6.482291667,10.945,0.876666667
1605441600,0,8.645,11.435,0.845
1605528000,117,3.864375,13.04,0.826875
1605614400,137,3.166875,12.385,0.654166667
1605700800,41,4.8325,12.2,0.517916667
1605787200,133,4.1675,14.735,0.407708333
1605873600,107,1.334583333,17.575,0.679583333
1605960000,0,1.627708333,16.9,0.341666667
1606046400,0,1.541666667,16.425,0.562083333
1606132800,153,1.2925,17.255,0.281041667
1606219200,94,3.301875,15.86,0.875625
1606305600,76,3.868125,13.785,0.657916667
1606392000,136,2.9725,14.91,0.540833333
1606478400,122,2.89875,14.785,0.588333333
1606564800,0,4.607083333,13.69,0.190625
1606651200,0,5.14125,16.835,0.0125
1606737600,154,2.815833333,20.55,0.33375
1606824000,155,4.217708333,18.13,0.980208333
1606910400,85,2.913958333,19.62,0.890625
1606996800,90,6.465,17.46,0.941875
1607083200,123,3.004166667,19.76,0.595625
1607169600,0,4.595,19.59,0.682708333
1607256000,0,5.460833333,18.4,0.551041667
1607342400,143,4.559166667,22.135,0.906666667
1607428800,132,3.285625,20.23,0.26375
1607515200,83,3.72375,19.405,0.729166667
1607601600,111,5.655208333,16.135,0.642083333
1607688000,152,6.274583333,14.7,0.877291667
1607774400,0,5.325,16.455,0.6025
1607860800,0,6.578125,15.53,0.980625
1607947200,125,5.3825,12.72,0.886041667
1608033600,202,4.127708333,14.755,0.631875
1608120000,152,6.336666667,15.565,0.822083333
1608206400,147,3.816458333,14.575,0.525416667
1608292800,156,6.585,14.74,0.905208333
1608379200,34,5.865625,14.09,0.9075
1608465600,0,3.827083333,15.1,0.790625
1608552000,43,8.642291667,12.8,0.9975
1608638400,49,7.25625,10.79,0.989375
1608724800,53,9.75375,13.3,0.810833333
1608811200,7,6.554583333,18.015,0.670416667
1608897600,0,4.12125,20.84,0.1975
1608984000,0,3.981041667,20.21,0.849375
1609070400,0,9.5675,16.535,0.935
1609156800,74,7.196041667,19.215,0.737083333
1609243200,76,4.274166667,19.1,0.74625
1609329600,81,3.985,20.12,0.753125
1609416000,43,3.028125,21.335,0.5825